text,id
bibliometr review waqf literatur rashedul hasan jun 2022,0
note covid19 instig maximum drawdown islam market versu convent counterpart rashedul hasan may 2022,1
bank stock valuat theori explain price base theori alireza zarei 1 mar 2022,2
ceo dualiti firm perform systemat review research agenda mei yu 25 may 2022,3
ceo financi experi firm earn manag import experi specif thai nguyen thang nguyen panagiotis andrikopoulos 7 mar 2022,4
ceo tenur cost debt andrews owusu ruth owusu mensah 21 jun 2022,5
cheat behaviour among opec memberst oil price fair stabil empir analysi masud ibrahim 2022,6
clinician inform acquisit account literaci uk clinic commiss group john ayuk enombu 22 jun 2022,7
compet institut logic power dynam islam financi report standardis project ahmad abras 10 may 2022,8
corpor govern ifsb standard4 evid islam bank bangladesh hafij ullah 18 jan 2022,9
corpor hedg cost equiti capit hany ahmed yilmaz guney 2022,10
corpor social respons firm effici evid endogen cost ineffici stochast frontier analysi abay mulatu boying xu 1 may 2022,11
corpor social respons financi perform product servicebas firm list london stock exchang ibrahim elmghaamez 1 apr 2022,12
determin inform entrepreneurship africa andrews owusu andrews owusu 2022,13
diffus theori transnat anteced intern standard audit adopt around world ibrahim elmghaamez apr 2022,14
dissect effect famili busi exposur entrepreneuri implement intent uchenna tony okeke 6 may 2022,15
famili ownership matter dividend payout decis evid familyfirm domin countri muhammad shahin miah 12 apr 2022,16
femal board member influenc corpor social respons perform isaiah oino jul 2022,17
integr financi extrafinanci narr disclosur manag commentari affect firm valuat intern evid muhammad shahin miah feb 2022,18
noncommunic diseas influenc sustain develop subsaharan africa panel autoregress distribut lag model approach judith kabajulizi francis awuku darko mar 2022,19
editori new develop corpor govern research loai alsaid 21 jun 2022,20
evolut research financ last two decad topograph view rashedul hasan jan 2022,21
financi contagion effect major crise african stock market jaliyyah bello mohammad khaleq newaz jul 2022,22
fintech financi inclus incom inequ quantil regress approach  2022,23
futur educ research preliminari themat analysi simon huston huston  s  2 may 2022,24
gender divers financi statement fraud mei yu 1 mar 2022,25
ifr 8 cost capit europ ahmed saleh 19 jan 2022,26
interbank liquid risk transmiss larg emerg market crisi period alireza zarei mehdi hosseini jul 2022,27
tradeoff accrualbas real earn manag activ presenc fe male auditor andrews owusu andrews owusu feb 2022,28
kuala lumpur tin mine settlement neoliber stronghold southeast asia simon huston 22 feb 2022,29
measur impact corpor govern nonfinanci report top hei worldwid mehul chhatbar 12 may 2022,30
middl eastern extinct build religi motiv speci protect tariq al montaser 30 may 2022,31
nonexecut employe ownership financi report qualiti evid europ alaa alhaj ismail 22 apr 2022,32
price runup insid trade law differ regulatori environ styliani  elina  panetsidou angelos synapis 15 apr 2022,33
smart citi dynam multilevel manag account unfold case sustain enterpris resourc plan loai alsaid 3 jan 2022,34
social respons invest sri sukuk financ altern post covid19 develop project rashedul hasan 19 apr 2022,35
strateg trade ricardian compar advantag  mar 2022,36
student feedback experi expect pre postunivers entri  29 jan 2022,37
sustain account report abl reflex themat analysi climat crisi conserv radic reform paradigm simon huston huston  s  2 jan 2022,38
sustain account report technic summari simon huston 30 may 2022,39
diffus innov theori effect ifr adopt multin corpor capit market perform crosscountri analysi ibrahim elmghaamez 1 jan 2022,40
nexu environment financi perform evid gulf cooper council bank rashedul hasan 31 mar 2022,41
rel effect rd tax credit rd subsidi compar metaregress analysi mehtap hisarciklilar jul 2022,42
rise fall institut entrepreneurship islam financi report standardis project ahmad abras 10 apr 2022,43
role manageri ownership dividend tunnel evid china  8 jul 2022,44
tourism export case singapor dimitris serenis 18 may 2022,45
unveil black swan financegrowth nexu assumpt preliminari evid virtuou unvirtu cycl eliana lauretta daniel santamaria 12 apr 2022,46
sukuk islam bond need differ price model sarkar kabir sarkar kabir apr 2022,47
global analysi privat invest public equiti styliani panetsidou aug 2021,48
histor institutionalist perspect persist state control financi sector reform insight case myanmar sandar win 26 jan 2021,49
apprais turkey voluntari individu pension system perspect pension equal mehtap hisarciklilar sep 2021,50
novel method measur time websit reconstruct tariq al montaser 2021,51
bank risk disclosur inform evid debt market andrews owusu andrews owusu jan 2021,52
audit committe audit qualiti empir analysi consid industri expertis legal expertis gender divers salem alhababsah mar 2021,53
bank solvenc role credit liquid risk regulatori capit econom stabil isaiah oino 22 nov 2021,54
citizen scienc increas trust research case studi delin polish metropolitan area piotr lis 17 may 2021,55
databas facilit account case australian mercuri account via nation pollut inventori hafij ullah 8 jan 2021,56
carbon emiss firm perform evid financi nonfinanci firm select emerg economi rashedul hasan 30 nov 2021,57
corpor adopt sdg report nonen institut environ insight libyan oil industri tariq al montaser dec 2021,58
corpor board innov manageri control implic corpor govern devianc perspect rashedul hasan 8 jun 2021,59
corpor environment account nigeria exampl regulatori failur regulatori captur abdurafiu noah 26 jan 2021,60
corpor fraud risk manag fraud risk manag model  nov 2021,61
corpor govern financi perform firm list asian pacif stock evid malaysia thailand singapor ibrahim elmghaamez 18 sep 2021,62
corpor social respons much enough higher dimens perspect relationship financi social perform  nov 2021,63
corrupt bank effici expand sand greas wheel hypothesi gulf cooper council rashedul hasan 10 aug 2021,64
corrupt divers effect credit risk global evid rashedul hasan 21 apr 2021,65
csr implic disclosur higher educ uncov point result systemat literatur review agenda futur research  7 jan 2021,66
share tenur audit committe chair engag partner affect audit outcom evid uk salem alhababsah alaa alhaj ismail 8 nov 2021,67
islam stock indic perform better convent counterpart sarkar kabir 2021,68
drift govern evid manag covid19 china junyuan chen 2021,69
equiti return predict determin profit trade strategi mahbub khan jan 2021,70
esg practic cost debt evid eu countri ahmed saleh sep 2021,71
evalu driver fintech adopt netherland rashedul hasan 30 aug 2021,72
financi decis market perform chines merger acquisit christopher muganhu 25 aug 2021,73
financi inclus nikhil sapre 2021,74
financi inclus corpor social respons firm perform analysi interact relationship mahbub khan 30 nov 2021,75
find place world sustain develop goal jaliyyah bello luda ruddock 18 feb 2021,76
fintech frontier quantum comput fractal blockchain distribut ledger paradigm shift open innov  7 jan 2021,77
firm cash manag adjust cost impact firm speed adjustmenta cross countri analysi  jan 2021,78
foreign ownership product chines newli list firm moder role founder human capit social tie sailesh tanna 26 feb 2021,79
french indochina war reflect strateg resili simon huston huston  s  huston  s  7 aug 2021,80
global trend board divers research bibliometr view andrews owusu 23 nov 2021,81
govern account reform subsaharan african countri select ignor epistem commun compet logic perspect abdurafiu noah jul 2021,82
growth effect remitt case turkey diaspora  12 feb 2021,83
impact maoism urban form structur citi mainland china simon huston 7 may 2021,84
intern corpor govern mechan financi perform evid uk top ftse 100 list compani ibrahim elmghaamez 2 apr 2021,85
islam microfin bibliometr review rashedul hasan aug 2021,86
liquid shortrun predict evid intern stock market jin suk park mohammad khaleq newaz nov 2021,87
mandatori esg report xbrl taxonomi combin esg rate incom statement sustain valuead disclosur  9 aug 2021,88
militari expenditur econom growth nexu jordan applic ardl bound test analysi presenc break sandar win 3 oct 2021,89
model asymmetr price respons industri energi demand dynam hierarch model akin sharimakin jun 2021,90
monitor exchang rate instabl 12 select islam economi alireza zarei sep 2021,91
onlin bank itali widiba bank case studi pestl dea analysi  30 mar 2021,92
perform measur smart citi govern case studi egyptian citi council loai alsaid 2021,93
probabl merger acquisit deal failur sailesh tanna sailesh tanna 21 jan 2021,94
reason behind worldwid divers ident issuanc good govern code ibrahim elmghaamez jun 2021,95
regulatori capit implic credit creation profit isaiah oino 2021,96
revisit expect util theori consumpt capm nikhil sapre 2021,97
role public auditor fraud detect critic review umut turksen 18 jan 2021,98
sovereign wealth fund corpor social respons comparison norway govern pension fund global abu dhabi fund develop rashedul hasan 28 jul 2021,99
stakehold power organis trust repair case bbc abdurafiu noah 27 may 2021,100
statystyczna analiza skutków sub dezurbanizacji w polsc efekt przynależności piotr lis 2021,101
studium delimitacji miejskich obszarów funkcjonalnych zapomocą metod statystycznych piotr lis 2021,102
sukuk bond puzzl analysi characterist match portfolio sarkar kabir sarkar kabir 2021,103
test dividend lifecycl theori islam convent bank sector gcc countri sailesh tanna 4 mar 2021,104
effect institut fdigrowth nexu matter sailesh tanna 28 sep 2021,105
impact religios earn qualiti intern evid bank sector masud ibrahim nov 2021,106
influenc institut pressur implement perform measur system egyptian social enterpris loai alsaid 22 jan 2021,107
predict strength mb yield spread asset bubbl  jan 2021,108
relationship corpor govern firm financi perform empir investig emerg market  2021,109
role cultur adopt intern standard audit develop countri institut perspect  15 jan 2021,110
toward understand hr function relat account function simon horsman 13 jan 2021,111
trade win trade war percept knowledg free trade debat piotr lis jul 2021,112
türkiy i̇nşaat sanayii çalışma standartlarının sektörel gelişim üzerinden değerlendirilmesi mehtap hisarciklilar 14 mar 2021,113
understand public sentiment relat african continent free trade agreement olubunmi ajala 1 jul 2021,114
znaczeni metod statystycznych dla potrzeb delimitacji miejskich obszarów funkcjonalnych spojrzeni ekonomisti piotr lis 2021,115
academ letter french indochina war metaphor strateg insight simon huston huston  s  huston  s  28 dec 2020,116
account smart citi new evid government polit loai alsaid 9 apr 2020,117
econom analysi ransomwar welfar consequ  4 mar 2020,118
automat robust estim exponenti smooth perspect statist machin learn  1 dec 2020,119
bath facil health phronesi tackl english obes simon huston simon huston 4 jun 2020,120
bath facil health phronesi preliminari english investig simon huston 10 jun 2020,121
big data analys new technolog applic sport manag overview  15 may 2020,122
big datadriven budget busi plan  30 sep 2020,123
calcul rel import condit attribut base characterist decis rule attribut reduct applic crowdfund thang nguyen thang nguyen 16 oct 2020,124
case studi shariah govern practic bangladesh hafij ullah 31 may 2020,125
case studi shariah govern practic unit kingdom europ samir alamad apr 2020,126
cashflow news discount rate news oil price  2020,127
coronaviru fraud risk use term scam  10 jun 2020,128
corpor polit strategi weak institut environ break convent daniel aghanya feb 2020,129
determin capit flight new panel evid subsaharan africa ssa alloysius egbulonu 30 dec 2020,130
corpor govern complianc impact auditor select qualiti evid ftse 350 ibrahim elmghaamez 1 sep 2020,131
digit system new challeng financi manag fintech xbrl blockchain cryptocurr  feb 2020,132
disast manag digit financi resourc key factor keep organ ongo  26 aug 2020,133
market open mitig impact cultur examin intern momentum profit postearningsannounc drift phil holm minor revis  2020,134
lockdown test help curb covid19 transmiss olubunmi ajala 4 may 2020,135
earn manag sharefinanc acquir prior deal announc role financi expertis tenur reput thai nguyen feb 2020,136
effect director network acquir firm earn manag prior thai nguyen thang nguyen 28 jan 2020,137
eurasian busi perspect proceed 28th eurasia busi econom societi confer uchenna tony okeke 28 jun 2020,138
eurasian econom perspect proceed 28th eurasia busi econom societi confer uchenna tony okeke 28 jun 2020,139
explor prospect islam home financ uk evid industri practition perspect sarkar kabir sarkar kabir 2020,140
fair valu account valu relev equiti book valu net incom european financi firm crisi alaa alhaj ismail jun 2020,141
financi contagion coreperipheri interbank network sailesh tanna sailesh tanna 3 mar 2020,142
financi market consequ earli adopt intern standard audit intern evid ibrahim elmghaamez 21 jul 2020,143
forecast valueatrisk cryptocurr riskmetr type model  dec 2020,144
fraudul financi report risk assess extern auditor percept versu tradit fraud triangl theori  23 jun 2020,145
could extern auditor incorpor manag motiv risk fraud risk assess process  1 jun 2020,146
green green bank invest bangladesh paradox green bank practic hafij ullah ullah  h  2020,147
integr report higher educ insight scotland northern ireland wale  15 apr 2020,148
investor sentiment invest equiti crowdfund thang nguyen 2020,149
corpor hedg alway benefici theoret empir analysi hany ahmed yilmaz guney yilmaz guney 2020,150
herd spuriou intent evid analyst recommend revis sentiment  oct 2020,151
market financi instrument direct mifid stock price inform liquid daniel aghanya apr 2020,152
market price bank ma effici europ sailesh tanna 21 aug 2020,153
measur monitor sustain list european footbal club valuead report perspect daniel range 25 nov 2020,154
provid enabl environ promot sustain develop goal coventri univers experi jaliyyah bello 7 sep 2020,155
reflect ontolog mytholog creativ sandar win jul 2020,156
risk govern cybercrim hierarch regress approach abdurafiu noah 28 may 2020,157
sharehold control right famili ownership firm leverag decis  nov 2020,158
shariah complianc matter financi perform hafij ullah 22 jan 2020,159
sustain integr suppli chain manag systemat literatur review  1 jun 2020,160
system financi risk indic securitis asset agentbas framework eliana lauretta 1 jan 2020,161
tackl big data black swan fractal approach quantum technolog  15 may 2020,162
effect coloni legaci africa inward fdi case uk fdi ghana maktoba omar 22 may 2020,163
effect say pay ceo compens spillov effect corpor cash hold evid australia  dec 2020,164
fiscal regim uk shale ga analys impact pad allow shale ga invest elijah acquah andoh andrews owusu elijah acquah andoh andrews owusu nov 2020,165
impact profitshar invest account sharehold wealth ken baldwin nov 2020,166
impact regul complianc cost risktak report qualiti eu bank daniel aghanya 1 mar 2020,167
long run relationship fish product marin trade balanc foreign direct invest empir studi omani economi alloysius egbulonu 4 nov 2020,168
rise onlin bank itali widiba bank case studi  30 jun 2020,169
role ai human organis decisionmak process within manufactur sector wale faisal shahzad 9 jun 2020,170
role risk manag audit ebusi  18 dec 2020,171
explain momentum evid decomposit peng li youwei li minor revis  2020,172
polit economi literatur tell us blockad sanction piotr lis mansoob murshed 30 sep 2020,173
firm prefer islam debt analysi evid global sukuk bond issu firm sarkar kabir sarkar kabir sep 2020,174
sustain educ practic univers develop countri context hafij ullah ullah  h  2020,175
account blockchain technolog doubleentri tripleentri  1 may 2019,176
account inform system erp uae assess current futur challeng handl big data  28 aug 2019,177
account inform system system system assess secur attack surfac methodolog pythagoras petratos 28 aug 2019,178
empir review longterm impact rd expenditur capit accumul gdp per capita ejike udeogu 2019,179
arbitrag equilibria larg game mani commod  jun 2019,180
structur model alpha capit adequaci ratio islam bank kenneth baldwin may 2019,181
board composit insur firm perform evid emerg market sarkar kabir 2019,182
board director compani perform ghana andrews owusu 2019,183
bottomup sentiment return predict market portfolio  jun 2019,184
coalb methan develop indonesia design econom analysi upstream petroleum fiscal polici elijah acquah andoh andrews owusu andrews owusu aug 2019,185
common liquid across option stock futur market  28 jan 2019,186
common risk factor return sukuk invest sarkar kabir 2019,187
compet institut logic institut embedded actor islam financi report standardis compar studi ahmad abras 2019,188
complianc mercuri report provis minamata convent assess develop countri perspect hafij ullah 2019,189
corpor environment account nigeria role local commun abdurafiu noah 25 nov 2019,190
corpor environment account nigeria role local commun abdurafiu noah 11 sep 2019,191
corpor govern busi growth evid china christopher muganhu 2019,192
corpor govern dynam qualiti bank insur board empir studi base global data sarkar kabir 2019,193
corpor govern ghana analysi board account ghanaian list bank mei yu 13 may 2019,194
corpor social respons consum percept uk apparel compani mei yu 2019,195
csrconsumpt paradox examin uk apparel compani mei yu 11 mar 2019,196
cyberattack critic infrastructur econom perspect piotr lis piotr lis jun 2019,197
data inform flow assess thread opportun ensur privaci invest return  28 aug 2019,198
discharg environment account emerg economi illustr nigerian cement industri abdurafiu noah 12 may 2019,199
compens consult drive ceo pay evid uk public firm graham sadler 2019,200
cultur sentiment cognit disson explain suspicion anomali  nov 2019,201
disclosur transpar affect bank financi perform isaiah oino 2 dec 2019,202
account treatment sharebas payment impact perform measur bank alaa alhaj ismail dec 2019,203
corpor rd invest affect firm environment perform evid g6 countri  1 feb 2019,204
entrepreneuri intent induct undergradu busi cours comparison two higher educ institut uk  14 nov 2019,205
essenti person financ practic guid employe lien luu 11 jan 2019,206
familycontrol financi institut institut perspect servic qualiti manag abdurafiu noah 11 jul 2019,207
financi account text case  1 jan 2019,208
forecast govern bond spread heurist model evid eurozon peripheri  nov 2019,209
human capit export microlevel analysi transit countri mehtap hisarciklilar mehtap hisarciklilar 3 oct 2019,210
ict financi sector develop financi access  jun 2019,211
impuls balanc frame effect threshold public good game  1 oct 2019,212
integr cloud financi account cycl artifici intellig blockchain xbrl chang account fiscal audit practic  28 aug 2019,213
invest prevent pay recoveri attitud cyber risk  23 oct 2019,214
languag fraud fail victim  1 may 2019,215
learn dispositif emot attach preliminari intern investig simon huston simon huston 23 nov 2019,216
loan qualiti cost effici corpor earn islam bank sarkar kabir 2019,217
majoritarian prefer utilitarian welfar public inform cournot oligopoli randy silvers jul 2019,218
measur energi input substitut output effect energi price chang implic environ akin sharimakin 1 oct 2019,219
merger acquisit implic acquir market risk sailesh tanna sailesh tanna 8 apr 2019,220
multi academi trust england scenario cooper univers r m  ayoubi 7 may 2019,221
new approach assess csr sustain disclosur insight updat webbas data tariq al montaser 9 apr 2019,222
polit ideolog ngo account case syrian conflict ahmad abras 2019,223
psychopath trait corpor leadership predictor futur stock return  nov 2019,224
ransomwar reput  10 jun 2019,225
real exchang rate asymmetr shock west african monetari zone wamz  mar 2019,226
report key develop need kdn assess exercis state osun citizen improv govern better servic deliveri ejike udeogu 2019,227
risk avers beta anomali peng li  2019,228
shareopt base compens expens sharehold return financi crisi alaa alhaj ismail apr 2019,229
shariah govern islami bank bangladesh limit implic ownership chang hafij ullah 29 may 2019,230
stress test revers stress test approach resili islam financi industri samir alamad 2019,231
tax evas inform system blockchain  1 may 2019,232
dark side transpar nigeria extract industri transpar initi help hinder account corrupt control  sep 2019,233
effect corpor social respons real accrualbas earn manag evid china  sep 2019,234
hegemoni transfer price practic case chines organis junyuan chen 2019,235
impact foreign direct invest product new evid develop countri sailesh tanna sailesh tanna 1 aug 2019,236
impact trade intens market characterist asymmetr volatil spillov asymmetr spillov evid respons intern stock market us shock mohammad khaleq newaz jin suk park jin suk park feb 2019,237
islam perspect csr financi institut nigeria case jaiz bank abdurafiu noah 31 jan 2019,238
newest intellig financi decis tool fractal smart approach assess risk  1 may 2019,239
role open effect ict govern  3 jul 2019,240
pay game theoret model ransomwar  2019,241
toward sustain univers led support system msme joan lockyer lockyer  joan 14 nov 2019,242
extent public privat financ sourc affect access qualiti health care experi uganda healthcar system judith kabajulizi 30 dec 2019,243
understand financi report fraud egypt evid audit field  2 nov 2019,244
understand natur account use comprehens tool understand financi statement  4 oct 2019,245
understand timeinconsist heterogen prefer econom financ practic theori approach panos andrikopoulos panagiotis andrikopoulos nov 2019,246
vat differ approach europ gcc compar analysi  1 mar 2019,247
matter assess financi report fraud risk  5 jun 2019,248
agenc cost ownership structur corpor govern mechan ghana andrews owusu andrews owusu 2018,249
singl stock futur use altern shortsel ban  jan 2018,250
assess manag integr insight big 4 auditor egypt  1 jul 2018,251
bank size inform share financi access africa  2018,252
brexit opportun real estat firm germani ireland  2018,253
cash hold corpor invest valuat evid london stock exchang  jun 2018,254
cash hold corpor invest valuat evid london stock exchang  1 jan 2018,255
cash hold corpor invest valuat evid uk corpor invest announc  13 aug 2018,256
cash hold firm competit  1 jan 2018,257
common bias busi research  2018,258
compar complianc statu aaoifi ifsb standard empir evid islami bank bangladesh limit hafij ullah 5 jun 2018,259
compar human develop threshold absolut rel propoor mobil bank develop countri  5 feb 2018,260
compet institut logic islam financi report standardis compar studi ahmad abras 2018,261
corpor govern audit qualiti recommend beyond code salem alhababsah salem alhababsah 26 jan 2018,262
corpor govern practic jordan salem alhababsah 2018,263
determin mobil phone penetr panel threshold evid subsaharan africa  2018,264
size matter predict sme failur amir khorasgani oct 2018,265
crowd mean busi analysi rewardsbas crowdfund sourc financ startup small busi thang nguyen thang nguyen 2018,266
terrorist attack harm financi market metaanalysi event studi determin advers impact jin suk park mohammad khaleq newaz jin suk park aug 2018,267
effect asymmetr inform market time mutual fund industri  8 oct 2018,268
enhanc nurs satisfact explor specialti nurs shortag within west midland region nh england nurs manag  22 mar 2018,269
environment regul intern competit critic review abay mulatu abay mulatu 2018,270
fatal sensit factor shape british polish australian public opinion iraq war piotr lis piotr lis 28 mar 2018,271
fdi spillov effect china manufactur sector new evid forward backward linkag sailesh tanna 18 apr 2018,272
fight terror empir polici harmonis  aug 2018,273
financialis capit accumul econom develop nigeria critic perspect ejike udeogu 4 jul 2018,274
fundament analysi accord fscore method german stock market  8 may 2018,275
impact corpor govern bank financi perform isaiah oino aug 2018,276
impact regulatori capit european bank financi perform review post global financi crisi isaiah oino apr 2018,277
increas foreign aid inclus human develop africa  jul 2018,278
institut chang corpor govern divers china soe  2018,279
inform diffus threat market power financi access insight african bank industri  jun 2018,280
larg market game law one price market structur  oct 2018,281
leadership style job satisfact isaiah oino 23 jul 2018,282
learn japan eeuk mission  5 sep 2018,283
lesson survey china econom diplomaci  sep 2018,284
mobil phone institut qualiti entrepreneurship subsaharan africa  jun 2018,285
open ict entrepreneurship subsaharan africa  2018,286
phd public argument innov technolog transfer emphasi africa  3 jan 2018,287
polit regim stock market perform africa  aug 2018,288
predict unlist sme default incorpor market inform accountingbas model improv accuraci panos andrikopoulos amir khorasgani panagiotis andrikopoulos sep 2018,289
pull effect coloni legaci africa inward fdi maktoba omar 5 sep 2018,290
revisit evid earn manag prior merger announc applic benford law thai nguyen 26 dec 2018,291
risk associ payment bank mobilebas money platform hafiz ubaid ur rahman rahmani 20 nov 2018,292
selfdetermin servic perform role servic adapt open experi wei song 14 jun 2018,293
social respons invest  jan 2018,294
sukuk financi asset review sarkar kabir sarkar kabir 2018,295
sustain manag afford hous simon huston 15 nov 2018,296
tempor stabil groundwat depth contemporari yellow river delta eastern china simon huston 28 jun 2018,297
determin interest rate microfin age scale organis charter uchenna tony okeke aug 2018,298
develop account practic adopt ifr select mena countri masud ibrahim 2018,299
econom effect suppli chain manag automobil industri china hafiz ubaid ur rahman rahmani 25 nov 2018,300
impact arm conflict terror foreign aid sectorlevel analysi piotr lis piotr lis oct 2018,301
impact 200709 eurozon crise natur resourc sector beta african emerg market impact 200709 eurozon crise natur resourc sector beta african emerg market uchenna tony okeke jaliyyah ahmadu bello 1 oct 2018,302
macroeconom implic public healthcar financ comput gener equilibrium analysi uganda judith kabajulizi 15 jun 2018,303
rel import trade vers fdile econom growth thailand sailesh tanna 1 jan 2018,304
role extern debt foreign direct investmentgrowth relationship sailesh tanna glauco de vita sailesh tanna 12 oct 2018,305
role foreign direct invest less develop countri sailesh tanna 1 jan 2018,306
role seaport region employ evid south korea jin suk park jin suk park 2018,307
time prefer invest environ impact intrins motiv  1 sep 2018,308
two centuri farmland price england s  huston 2018,309
twostag deatrunc regress applic bank effici financi develop  15 apr 2018,310
uk consum perceiv risk buy product emerg economi moder mediat model wei song may 2018,311
whether shariah complianc effici matter financi perform case islami bank bangladesh limit hafij ullah 4 mar 2018,312
individu failur behaviour public sector econom  feb 2018,313
account transnat corpor develop world case enforc intern mechan  28 feb 2017,314
account analys momentum contrarian strategi emerg market sailesh tanna sailesh tanna 30 jan 2017,315
account environ account nigerian cement industri abdurafiu noah 27 jan 2017,316
account standard complex audit fee financi analyst forecast australia muhammad shahin miah 24 nov 2017,317
distanc learn univers econom impact countri peripheri case hellen open univers dimitrios serenis dimitris serenis 2017,318
aggreg disaggreg financi repress financi liber index databas china  2017,319
literatur survey propos african monetari union  jul 2017,320
extra 7 year im debt free effect poverti premium debt advic servic user nikhil sapre 2017,321
serial acquir good target acquisit account perspect saliesh tanna sailesh tanna 4 jan 2017,322
summari survey propos african monetari union  jun 2017,323
level financi develop inform share matter  2 jun 2017,324
audit firm tenur regul financi report qualiti evid uk  2017,325
belief portfolio constraint specul asset price  2017,326
bimbas deconstruct tool toward essenti function  jun 2017,327
buy friend import econom flow assembl iraq war coalit piotr lis mehtap hisarciklilar piotr lis 20 dec 2017,328
go beyond agenc concept rethink agenc theori develop countri  9 may 2017,329
central bank optim polici tool evid bank england  nov 2017,330
compar evid valu relev ifrsbas account inform germani uk  2017,331
conclus simon huston 14 sep 2017,332
construct firm competit simon huston 14 sep 2017,333
corpor govern bidder return evid china domest merger acquisit christopher muganhu 2017,334
cultur clash nation vs intern publish rami ayoubi 25 aug 2017,335
differ opinion sovereign credit signal european crisi  2017,336
discharg environment account emerg economi case nigerian cement industri abdurafiu noah 8 sep 2017,337
diversifi away risk war crossbord polit crisi  may 2017,338
csr improv financi transpar evid china  2017,339
earn manag uk merger acquisit  2017,340
econom analysi ransomwar  20 mar 2017,341
effect time tourism polici case singapor dimitrios serenis jan 2017,342
effici forc contribut threshold public good game  nov 2017,343
essenti person financ practic guid student lien luu 10 mar 2017,344
estim volatil persist brexitvot structur break  nov 2017,345
explor extern auditor percept motiv behind manag fraud egypt mix research method approach  12 dec 2017,346
fight capit flight africa evid bundl unbundl govern  sep 2017,347
financi innov bank system hous market eliana lauretta 2017,348
financ hivaid respons africa impact evid uganda judith kabajulizi judith kabajulizi 4 oct 2017,349
foreign aid inclus develop updat evid africa 20052012  mar 2017,350
fuel export aid terror  2017,351
global diffus angloamerican govern evalu respons across three emerg economi  9 may 2017,352
global inclus human develop africa  27 jun 2017,353
hedg specul pressur transit spotfutur relationship energi metal market jin suk park jin suk park 1 nov 2017,354
long uk properti cycl s h  huston 3 jul 2017,355
impact nonaudit servic regul financi report qualiti latest evid uk  2017,356
intraday herd crossbord exchang panos andrikopoulos panagiotis andrikopoulos oct 2017,357
investor sentiment toward corpor announc  17 feb 2017,358
islam financ ethic percept western consum samir alamad 13 mar 2017,359
threat foreign aid withdraw effect deterr polit oppress evid 53 african countri  8 mar 2017,360
learn econom student selfevalu skill improv  jan 2017,361
manag conflict interest profession account firm  4 oct 2017,362
megaproject screen manag king cross olymp park nine elm simon huston 14 sep 2017,363
glitter gold ict inclus human develop subsaharan africa  2017,364
ownership structur choic seo issu method uk panos andrikopoulos panagiotis andrikopoulos 2017,365
qualiti growth empir compar gap benchmark polici syndrom  2017,366
reconsid currenc union asia wei song 2017,367
risk return profil islam equiti commod portfolio differ market condit sarkar kabir sarkar kabir 2017,368
short longrun determin tourist flow case south korea dimitris  jim serenis 2017,369
smart urban plan simon huston 14 sep 2017,370
smart urban regener vision institut mechan real estat simon huston 14 sep 2017,371
special issu review behavior financ guest editor introduct panos andrikopoulos 5 jun 2017,372
stock liquid sme likelihood bankruptci evid us market mohamad nazri abd karim dec 2017,373
strateg market game ricardo  19 nov 2017,374
sukuk bond empir analysi characterist match sarkar kabir 2017,375
suppli demand side mobil payment compar analysi success mobil payment adopt develop develop countri piotr lis 2017,376
tenur spend within uk household end recent recess  sep 2017,377
effect foreign ownership chines firm earn manag accrualbas real activitybas  2017,378
impact civil war foreign direct invest flow develop countri syed mansoob murshed sailesh tanna mansoob murshed 2017,379
impact terror govern african countri  nov 2017,380
perform consequ board structur chang evid ghana andrews owusu mark holmes andrews owusu 19 dec 2017,381
stabil money demand longrun itali 18612011  may 2017,382
structur uk outbound fdi environment regul abay mulatu abay mulatu sep 2017,383
synergi financi sector develop inform share financi access proposit empir evid  apr 2017,384
welfar implic public healthcar financ macromicro simul analysi uganda judith kabajulizi judith kabajulizi dec 2017,385
welfar implic public healthcar financ macromicro simul analysi uganda judith kabajulizi judith kabajulizi 30 jun 2017,386
understand islam financi report standardis project institut logic perspect ahmad abras 2017,387
urban conundrum simon huston 14 sep 2017,388
valuat system case dubai simon huston 14 sep 2017,389
drive differ opinion sovereign rate role inform disclosur polit risk  jul 2017,390
net effect financi liber bank product decomposit analysi bank total factor product growth sailesh tanna yun luo glauco de vita yun luo sailesh tanna jul 2017,391
brief futur time monopoli scientif knowledg  dec 2016,392
examin fraud triangl model implic extern auditor audit regul  4 may 2016,393
basic mathemat economist piotr lis 22 mar 2016,394
cash flow analysi case studi  30 dec 2016,395
combat environment irrespons tnc africa empir analysi  2016,396
condit linkag iron ore export foreign aid terror  dec 2016,397
connect vehicl perform conveni safeti vers secur  1 sep 2016,398
connect vehicl perform conveni safeti versu secur  1 sep 2016,399
detect briberi guid extern auditor  apr 2016,400
econom polit implic intern financi report standard sailesh tanna tanna  s  mar 2016,401
entri strategi use south african mne fdi turbul time  2016,402
equilibrium interact borrow shortsal constraint asset price  2016,403
equilibrium interact borrow shortsal constraint asset price  2016,404
extern auditor corpor corrupt implic audit regul current issu audit journal  jun 2016,405
financi contagion us african frontier market 20072009 global financi crisi jaliyyah ahmadu bello 2016,406
financi innov bank system hous market concept financi innov enough explain bank regulatori arbitrag eliana lauretta 2016,407
financi open risk bank effici crosscountri evid yun luo sailesh tanna glauco de vita yun luo sailesh tanna jun 2016,408
handbook frontier market evid asia intern compar studi panagiotis andrikopoulos 12 aug 2016,409
handbook frontier market african european asian evid panagiotis andrikopoulos 2016,410
ict generalpurpos technolog product ict unit state revisit hailin liao sep 2016,411
ifr adopt eu challeng nomenclatur evid uk franc germani sailesh tanna tanna  s   ed   mar 2016,412
inform asymmetri financi develop dynam africa  22 dec 2016,413
intern standard audit intern financi servic centr matter  2016,414
islam financi report standardis project institut logic perspect malaysian case ahmad abras 2016,415
mission drift microfin new empir evid uganda francis darko mar 2016,416
law polit qualiti govern africa  12 oct 2016,417
miss discours global suppli chain manag notion exploit role state  2016,418
mobil phone penetr mobil bank inclus develop africa  jan 2016,419
mobil phone diffus knowledg persist inclus human develop subsaharan africa  21 jun 2016,420
real effect financi pressur evid euro area firmlevel employ recent financi crisi  2016,421
revolut empir predict arab spring  sep 2016,422
risk manag islam bank kenneth baldwin 2016,423
signal lifecycl theori bank sector gcc frontier market empir assess sailesh tanna 24 aug 2016,424
structur break effici volatil empir investig southeast asian frontier market p  andrikopoulos m  newaz panagiotis andrikopoulos 2016,425
student perform eeduc far learn style differ influenc student grade  2016,426
compar inclus human develop globalis africa  dec 2016,427
cost multipl larg sharehold jun wang jun wang 1 sep 2016,428
estim minimum effici scale port industri jin suk park jin suk park jul 2016,429
governanceperform relationship evid ghana andrews owusu andrews owusu 12 sep 2016,430
impact seaport region economi south korea panel evid augment solow model jin suk park jin suk park jan 2016,431
market reaction secondari list evid select compani list johannesburg stock exchang  dec 2016,432
mobil phone diffus knowledg institut qualiti subsaharan africa  oct 2016,433
philosophi research financi inclus nikhil sapre 28 mar 2016,434
portfolio diversif benefit frontier market investig region effect panos andrikopoulos panagiotis andrikopoulos 2016,435
role govern mobil phone inclus human develop subsaharan africa  sep 2016,436
twitter us stock market influenc microblogg share price piotr lis 2016,437
uk consum perceiv risk buy product emerg economi moder mediat model wei song 2016,438
valueenhanc learn industrywid diversif experi thang nguyen thang nguyen 3 apr 2016,439
welfar spend qualiti growth develop countri note evid hope contend best perform  dec 2016,440
drive corpor govern qualiti emerg african economi evid ghana andrews owusu andrews owusu 2016,441
drive corpor govern qualiti emerg african economi evid ghana confer paper andrews owusu andrews owusu 2016,442
account corpor environment respons emerg economi case studi nigeria abdurafiu noah 23 mar 2015,443
financel econom system abm experiment polici propos eliana lauretta 2015,444
arima model lithuanian hous price index s  huston 2 mar 2015,445
board leadership structur chines public list compani mei yu jul 2015,446
bohemian urban regener structur literatur review compt rendu simon huston 1 aug 2015,447
capitalis reflect practic project apprais simon huston 2015,448
challeng face taka initi uk salaam insur experi  2015,449
competit determin bank profit subsaharan africa isaiah oino 25 jun 2015,450
compound interestreturn lien luu 30 apr 2015,451
corpor govern china uncertainti rule mark holmes 13 jul 2015,452
corpor social respons report practic bank compani bangladesh impact regulatori chang hafij ullah 10 apr 2015,453
complianc matter surveil nigerian bank critic examin central bank nigeria code corpor govern mas ud usman ibrahim masud ibrahim 2015,454
regulatori environ affect earn manag transit economi empir examin financi report qualiti crosslist firm china hong kong  2015,455
effect exchang rate volatil tourist flow iceland dimitris serenis dimitris serenis 9 oct 2015,456
fatal sensit coalit countri studi british polish australian public opinion iraq war piotr lis 31 jan 2015,457
financegrowth virtuou disvirtu cycl vdc theori empir evid eliana lauretta 2015,458
financi decis market perform analysi china domest merger acquisit christopher muganhu 2015,459
fluctuat exchang rate aggreg export ukrain dimitris serenis 2015,460
forecast jordanian stock index model asymmetr volatil distribut effect within garch framework  2015,461
foreign aid govern africa  2015,462
impact corpor govern firm risk  2015,463
industri concentr crosssect stock return evid uk  sep 2015,464
introduct account doubleentri bookkeep system case studi  1 dec 2015,465
market reaction posit annual report narr  11 dec 2015,466
microfin poverti reduct case studi select institut greater accra region ghana francis darko 2015,467
monetari debtconcern fiscal polici interact monetari union  oct 2015,468
mortgag lien luu apr 2015,469
organiz custom orient employe custom orient employe job perform moder role open experi wei song wei song 2015,470
paraconsist game limit ration selfinterest panos andrikopoulos panagiotis andrikopoulos 4 jan 2015,471
personalis power neoliber product corrupt mohamad nazri mohamad 1 sep 2015,472
real estat lien luu apr 2015,473
reestablish stabil avoid credit crunch compar differ bad bank scheme  aug 2015,474
reexamin financi deepeninggrowth nexu timeseri evid nigerian economi 1961 2013 ejike udeogu 2015,475
retir lien luu apr 2015,476
smart sustain urban regener institut qualiti financi innov simon huston nov 2015,477
stock market return content annual report narr  2015,478
tell straight mark carney split opinion  18 dec 2015,479
test weakform effici stock market compar studi emerg industrialis economi  2015,480
consequ refund threshold public good game  sep 2015,481
corpor social respons account firm comparison studi china south africa  2015,482
credit signal matter sovereign bond spread split rate  may 2015,483
durat analysi structur break stabil destabil jin suk park jin suk park 2015,484
economi wide impact hivaid fund dilemma africa evid dynam life cycl horizon uganda judith kabajulizi sep 2015,485
effect exchang rate volatil sector export evid sweden uk germani dimitria serenis dimitris serenis 2015,486
effect exchang rate volatil tourist flow evid uk sweden dimitris serenis 2015,487
impact profit capit structur speed adjust empir examin select firm nigerian stock exchang isaiah oino 30 sep 2015,488
increment effect educ corrupt evid synergi lifelong learn  2015,489
late 1970 1980 econom problem unit state lien luu apr 2015,490
manag refinanc risk islam bank kenneth baldwin ken baldwin 17 aug 2015,491
time vari correl islam equiti commod return implic portfolio diversif sarkar kabir sarkar kabir 2015,492
account corpor environment cer emerg economi case studi nigeria abdurafiu noah 14 apr 2014,493
model eurosystem oper framework euro overnight interbank market  1 jun 2014,494
islam equiti indic effici convent counterpart evid major global index famili sarkar kabir sarkar kabir 30 jun 2014,495
bank capit regul loan contract corpor invest  1 may 2014,496
busi case corpor social respons emerg economi exploratori empir studi south african busi context  2014,497
fdi panacea unemploy turkish case mehtap hisarciklilar 6 mar 2014,498
corpor govern brazilian specif  2014,499
detect asset misappropri framework extern auditor  2014,500
disagr rate agenc bond opac theoret perspect  1 apr 2014,501
exchang rate variat effect african trade flow dimitrios serenis 6 nov 2014,502
mood explain monday effect  sep 2014,503
effect chang weather pattern trade major food crop  2014,504
employe product employ growth crossbord acquisit emerg market firm  31 jul 2014,505
environment regul locat industri agricultur product europ abay mulatu abay mulatu 1 aug 2014,506
exchang rate volatil aggreg export evid two small countri dimitris serenis dimitris serenis 2014,507
exchang rate volatil tourist flow turkey dimitris serenis dimitris serenis 1 dec 2014,508
expansionari fiscal consolid theoret underpin implic eurozon  2 jun 2014,509
financ growth modern interpret thought schumpet eliana lauretta 2014,510
heterogen belief drive crosssect stock return volatil correl turnov volatil  2014,511
identifi caus failur salaam halal insur  2014,512
interest rate target market sustain microfin  2014,513
investor induc contagion bank european sovereign debt crisi 20072012 wealth effect portfolio rebalanc daniel santamaria daniel santamaria dec 2014,514
domest stock price cointegr exchang rate foreign stock price evid malaysia sarkar kabir sarkar kabir 2014,515
islam equiti indic insight comparison convent counterpart sarkar kabir sarkar kabir 5 may 2014,516
merger acquisit cash payment evid china christopher muganhu 2014,517
percept among south african profession account student self job attract academ reput  2014,518
polit uncertainti stock market volatil middl east north african mena countri jun wang jun wang 5 jan 2014,519
residenti electr price china  2014,520
shariah complianc islam bank empir studi select islam bank bangladesh hafij ullah 15 mar 2014,521
social interact yu wang 2014,522
stock liquid capit alloc effici evid chines list compani  2014,523
stock price volum effect associ chang composit ftse bursa malaysian klci mohamad nazri abd karim 11 feb 2014,524
determin capit structur comparison financi nonfinanci firm regul develop countrynigeria isaiah oino 26 aug 2014,525
impact foreign bank entri domest bank develop countri kenyan perspect isaiah oino 20 jun 2014,526
impact hellen open univeristi region develop dimitris serenis 2014,527
macroeconom environment determin privat equiti emerg asia market applic extrem bound analysi isaiah oino 30 sep 2014,528
rate profit financialis econom growth theoret empir investig nigerian economi ejike udeogu 2014,529
virtuou bad cycl financegrowth relationship eliana lauretta 2014,530
idea british humour 39 chines student account incomprehens humour british academ lectur yu wang 2014,531
account corpor environment respons emerg economi studi nigeria abdurafiu noah 9 apr 2013,532
analysi respons corpor unbundl announc johannesburg secur exchang  2013,533
prospect make differ manag ethic freedom corpor social respons utilizationsa conceptu model  2013,534
arm conflict terror alloc foreign aid piotr lis 2013,535
compani director underestim adopt corpor govern provis survey approach andrews owusu 30 nov 2013,536
dono mercati e innovazion la virtù di una sana crescita economica eliana lauretta 2013,537
ensur sustain corpor govern financi report essenti tool improv user confid abdurafiu noah 1 jan 2013,538
evalu public confid polic servic new decis support tool  2013,539
financ growth understand switch virtuou bad cycl financegrowth relationship eliana lauretta 2013,540
intern portfolio diversif 2007 financi crisi  2013,541
mimet isomorph decoupl legitimaci theori explan matric pass rate  2013,542
model longrun money demand panel data analysi nine develop economi  2013,543
prison dilemma rd input spillov incent rd cooper  nov 2013,544
polici propos financ growth relationship understand switch virtuou bad cycl eliana lauretta 2013,545
present intern workshop econom scienc heterogen interact agent wehia eliana lauretta 23 jun 2013,546
protect di inform bill  2013,547
state ownership firm perform empir evid chines list compani mei yu 2013,548
effect strike south african gold mine industri sharehold valu  19 jul 2013,549
good bad ugli attend account lectur affect academ perform  2013,550
türkiyed sanayileşmenin bir bileşeni olarak doğrudan yabancı yatırım dış ticaret ilişkisi mehtap hisarciklilar 2013,551
valu constraint knowledg learn research product exploratori studi univers academ  2013,552
video record lectur enhanc student learn experi  2013,553
disclosur matrix measur qualiti corpor onlin report ahmed saleh 2012,554
derisk transportori develop regener s  huston 1 mar 2012,555
earn manag financi report fraud extern auditor spot differ  2012,556
effect percept actual expect corpor social perform propens purchas interrog busi case strategi  2012,557
financi report fraud extern auditor standard setter enough  2012,558
il sistema democratico e politico come è e come dovrebb esser eliana lauretta 2012,559
innov determin servic excel bank harjit sekhon sailesh tanna aug 2012,560
park busi opportun develop strategi mehdi hosseini 9 mar 2012,561
student aspir factor univers reput entri standard uk univers rami ayoubi 1 oct 2012,562
effect film experienti learn investig univers account student understand key audit control concept  2012,563
new fraud triangl model  2012,564
student learn classroom experi much unless write report  2012,565
auditor independ reform nonaudit servic evid uk  15 sep 2011,566
corrupt inflat growth  dec 2011,567
diseas eldorado simon huston 6 jan 2011,568
beni culturali e la creatività artistica come attrattori turistici il caso zeffirelli per larena di verona eliana lauretta 1 jan 2011,569
impact select histor event incomebas distribut terror rise fundamentalist terror iraq war piotr lis 12 sep 2011,570
limpatto dell produzioni cinematografich sul turismo il caso del commissario montalbano per la provincia di ragusa eliana lauretta nov 2011,571
market higher educ institut determin custom satisfact syrian busi school determin custom satisfact syrian busi school rami ayoubi 12 apr 2011,572
microfin bank econom empower small medium scale enterpreneur kwara state nigeria abdurafiu noah dec 2011,573
option theori time diversif index fund  2011,574
south african manageri percept net benefit foreign stock list  2011,575
student aspir factor univers reput main intern capabl affect entri standard uk univers  12 apr 2011,576
case use movi teach larg audit class  2011,577
effect variat implement stepwis manageri strateg crisi model corpor reput capit postcrisi share price valu qualit quantit analysi specif south african compani  2011,578
south african studi compar effect computerbas learn materi facetofac teach  2010,579
corpor social respons csr market motiv empir test syrian privat sector  7 oct 2010,580
debtgrowth channel empir evalu develop countri  2010,581
elementi di statistica descrittiva  9 jul 2010,582
formal versu inform labor market segment turkey cours market liber mehtap hisarciklilar 2010,583
incomebas distribut terror piotr lis 2010,584
islam bank work  2010,585
rd spillov monopoli versu noncoop cooper duopoli  16 dec 2010,586
evolut residenti properti price premia metropoli reconstitut contamin simon huston 2010,587
role develop bank promot industri turkey mehtap hisarciklilar 2010,588
evalu financi fraud control nierian univers case studi univers iloin abdurafiu noah 1 dec 2009,589
asymmetr respons explain corpor social disclosur multin firm environment sensit industri  4 apr 2009,590
compens consult execut pay evid unit state unit kingdom graham sadler feb 2009,591
corpor social report practic evid list compani bangladesh  2009,592
corpor social respons disclosur world oil industri  4 jun 2009,593
cost effici analysi bank industri ten asian countri region hailin liao liao  h  2009,594
cultur shock shock cultur explor main obstacl encount syrian newli return academ staff abroad rami ayoubi 31 may 2009,595
impact four major macroeconom variabl stock market indic malaysia china us mehdi hosseini 2009,596
islam bank studi custom satisfact prefer nonislam countri  2 nov 2009,597
nation attempt confront globalis higher educ case syrian nation standard medic test  16 nov 2009,598
risk manag strategi maintain corpor reput  2009,599
role islam mortgag uk  2 nov 2009,600
stay silent polit connected silenc corpor govern disclosur  31 may 2009,601
threshold effect debtgrowth relationship  2009,602
türkiyeden çıkan doğrudan yatırımları belirleyen etmenl 19922005 mehtap hisarciklilar 1 jul 2009,603
corpor social report practic evid list compani develop economi  2008,604
measur qualiti higher educ perform indic approach extend identifi qualiti student union provis  apr 2008,605
investig applic econom threshold concept use winecon via vle busi student  7 sep 2007,606
investig main intern capabl affect entri standard uk univers quantit analysi rami ayoubi 14 mar 2007,607
investig measur qualiti student union quantit analysi eleven student union  2007,608
determin acquisit eu commerci bank industri empir investig bank financi characterist market condit sailesh tanna 2007,609
govern role fight terror piotr lis 2007,610
market effici within german stock market compar studi rel effici dax mdax sdax ase indic  2007,611
measur valu ad higher educ propos methodolog develop perform indic base econom valu ad graduat  mar 2007,612
organiz effici cost control servic industri case kwara state transport corpor ilorin abdurafiu noah 2007,613
polit social econom determin corpor social disclosur multin firm environment sensit industri  16 apr 2007,614
product growth indian manufactur sector panel estim stochast product frontier technic ineffici hailin liao 2007,615
regul supervis bank cost profit effici around world stochast frontier approach sailesh tanna 2007,616
identif acquisit target eu bank industri applic multicriteria approach sailesh tanna 2007,617
explor tangibl benefit elearn invest yield interest  2007,618
educ attain household characterist turkey mehtap hisarciklilar 2006,619
foreign direct invest growth mediterranean countri mehtap hisarciklilar 2006,620
global oil price shock sri lanka  7 jul 2006,621
applic quantit techniqu predict bank acquisit target sailesh tanna 2005,622
theori practic new approach real estat risk part ii kenneth baldwin 2005,623
human capit trade fdi econom growth thailand caus sailesh tanna 2005,624
measur valu ad higher educ recent experi secondari educ unit kingdom suggest way forward  2005,625
corpor board incent empir evid uk 1935 graham v  sadler 1 jan 2003,626
account total factor product growth thai economi sailesh tanna 2002,627
measur determin qualiti uk higher educ multinomi logit approach  2001,628
assess effici differ thai public privat firm sailesh tanna 2000,629
human resourc dotcom new economi sailesh tanna 2000,630
govern financi strategi uk higher educ relationship qualiti quantiti effici  1999,631
informatis european union comparison usa japan sailesh tanna 1999,632
evalu clinic intervent effect effici equiti  1998,633
market orient uk higher educ sector influenc educ reform process 19791993  jul 1998,634
develop comprehens crosscountri econom growth databas sailesh tanna 1997,635
measur valu ad higher educ propos  aug 1995,636
model optim plant size market equilibria differ market structur spreadsheet  1992,637
